{"cameraMode":{"drawMode":0,"name":"Shaded","section":"Shading Mode"},"sceneLighting":false,"audioPlay":false,"sceneViewState":{"showFog":true,"showMaterialUpdate":false,"showSkybox":false,"showFlares":true,"showImageEffects":true,"showParticleSystems":true},"in2DMode":false,"pivot":{"x":-1.4901161193847657e-8,"y":1.8282583951950074,"z":0.3426724076271057},"rotation":{"x":-0.04776030406355858,"y":0.9475500583648682,"z":-0.1697930097579956,"w":-0.26653099060058596},"size":1.2100591659545899,"orthographic":false}