{"cameraMode":{"drawMode":0,"name":"Shaded","section":"Shading Mode"},"sceneLighting":false,"audioPlay":false,"sceneViewState":{"showFog":true,"showMaterialUpdate":false,"showSkybox":false,"showFlares":true,"showImageEffects":true,"showParticleSystems":true},"in2DMode":false,"pivot":{"x":0.008870009332895279,"y":-0.024478819221258165,"z":-0.013133138418197632},"rotation":{"x":-0.04776030406355858,"y":0.9475500583648682,"z":-0.1697930097579956,"w":-0.26653099060058596},"size":1.234042763710022,"orthographic":false}